Ravi Kumar,9876543210,ravi.kumar@gmail.com
Priya Sharma,8765432109,priya.sharma@yahoo.com
Arun Nair,7654321098,arun.nair@outlook.com
Deepa Menon,9988776655,deepa.menon@gmail.com
Karthik Reddy,8877665544,karthik.reddy@infosys.com
Anjali Pillai,7766554433,anjali.pillai@gmail.com
Suresh Iyer,9123456780,suresh.iyer@tcs.com
Meena Krishnan,8234567891,meena.krishnan@wipro.com
Vikram Joshi,7345678902,vikram.joshi@gmail.com
Lakshmi Rao,9456789013,lakshmi.rao@hotmail.com
Ganesh Patil,8567890124,ganesh.patil@yahoo.com
Divya Bhat,7678901235,divya.bhat@gmail.com
Rajesh Gupta,9789012346,rajesh.gupta@rediffmail.com
Sneha Desai,8890123457,sneha.desai@outlook.com
Manoj Hegde,7901234568,manoj.hegde@gmail.com
Kavitha Srinivasan,9012345679,kavitha.srini@zoho.com
Prasad Kulkarni,8112233445,prasad.kulkarni@gmail.com
Nithya Ramesh,7223344556,nithya.ramesh@yahoo.com
Siddharth Mohan,9334455667,siddharth.mohan@gmail.com
Bhavana Patel,8445566778,bhavana.patel@outlook.com
athirath,6238582957,athirath@gmail.com
